entry_id,symbol,timestamp,price,zone_level,zone_type,qrs_score,qrs_grade,rejection_candle,volume_spike,zone_strength,zone_quality,direction,hard_stop,invalidation_level,t1_price,t2_price,t3_price,risk_amount,t1_reward,t2_reward,t3_reward,vwap,risk_reward_ratio,entry_start_time,entry_end_time,entry_duration_minutes,entry_start_index,entry_end_index,window_bars,max_price_deviation,min_price_deviation,entry_window_ended,entry_conditions_valid,bar_index
SPY_1,SPY,2024-01-08 19:58:00+00:00,473.95,473.90220000000005,prior_day_low,7.0,B,True,True,1.0,2,LONG,473.90220000000005,473.90220000000005,477.7416,481.53319999999997,485.3248,4.7395,3.7916,7.5832,11.374799999999999,473.48428982143236,0.8000000000000036,2024-01-08 19:58:00+00:00,2024-01-08 19:58:00+00:00,1,3764,3764,1,0.0,0.0,True,True,3764
SPY_2,SPY,2024-01-09 13:01:00+00:00,474.04,473.90220000000005,prior_day_low,7.0,B,True,True,1.0,2,LONG,473.90220000000005,473.90220000000005,477.83232000000004,481.62464,485.41696,4.7404,3.79232,7.58464,11.37696,473.0013287315302,0.8000000000000037,2024-01-09 13:01:00+00:00,2024-01-09 13:01:00+00:00,1,4149,4149,1,0.0,0.0,True,True,4149
SPY_3,SPY,2024-01-09 19:15:00+00:00,473.93,473.90220000000005,prior_day_low,8.0,B,True,True,1.0,2,LONG,473.90220000000005,473.90220000000005,477.72144000000003,481.51288,485.30432,4.7393,3.79144,7.58288,11.374319999999999,474.27063085648047,0.8000000000000048,2024-01-09 19:15:00+00:00,2024-01-09 19:15:00+00:00,1,4522,4522,1,0.0,0.0,True,True,4522
SPY_4,SPY,2024-01-09 21:00:00+00:00,473.99,473.90220000000005,prior_day_low,7.0,B,True,True,1.0,2,LONG,473.90220000000005,473.90220000000005,477.78192,481.57384,485.36576,4.7399000000000004,3.7919200000000006,7.583840000000001,11.375760000000001,473.7166903261204,0.8000000000000009,2024-01-09 21:00:00+00:00,2024-01-09 21:00:00+00:00,1,4627,4627,1,0.0,0.0,True,True,4627
SPY_5,SPY,2024-01-10 13:25:00+00:00,473.96,473.90220000000005,prior_day_low,7.0,B,True,False,1.0,2,LONG,473.90220000000005,473.90220000000005,477.75167999999996,481.54336,485.33504,4.7396,3.7916800000000004,7.583360000000001,11.37504,473.9676819652355,0.7999999999999968,2024-01-10 13:25:00+00:00,2024-01-10 13:25:00+00:00,0,4943,4943,0,0.0,0.0,True,False,4943
SPY_6,SPY,2024-01-10 15:06:00+00:00,474.02,473.90220000000005,prior_day_low,7.0,B,True,False,1.0,2,LONG,473.90220000000005,473.90220000000005,477.81216,481.60432,485.39648,4.7402,3.79216,7.58432,11.376479999999999,474.5282776614507,0.8000000000000052,2024-01-10 15:06:00+00:00,2024-01-10 15:06:00+00:00,0,5043,5043,0,0.0,0.0,True,False,5043
SPY_7,SPY,2024-01-11 15:12:00+00:00,473.91,473.90220000000005,prior_day_low,7.0,B,True,False,1.0,2,LONG,473.90220000000005,473.90220000000005,477.70128,481.49256,485.28384000000005,4.7391000000000005,3.7912800000000004,7.582560000000001,11.373840000000001,475.0776403259551,0.799999999999994,2024-01-11 15:12:00+00:00,2024-01-11 15:12:00+00:00,0,5834,5834,0,0.0,0.0,True,False,5834
SPY_8,SPY,2024-01-11 15:16:00+00:00,474.03,473.90220000000005,prior_day_low,7.0,B,True,False,1.0,2,LONG,473.90220000000005,473.90220000000005,477.82223999999997,481.61447999999996,485.40671999999995,4.7402999999999995,3.7922399999999996,7.584479999999999,11.376719999999999,474.8010356644065,0.7999999999999985,2024-01-11 15:16:00+00:00,2024-01-11 15:16:00+00:00,0,5838,5838,0,0.0,0.0,True,False,5838
SPY_9,SPY,2024-01-11 15:54:00+00:00,473.97,473.90220000000005,prior_day_low,7.0,B,True,False,1.0,2,LONG,473.90220000000005,473.90220000000005,477.76176000000004,481.55352000000005,485.34528,4.7397,3.79176,7.58352,11.37528,474.70551844230914,0.8000000000000023,2024-01-11 15:54:00+00:00,2024-01-11 15:54:00+00:00,0,5876,5876,0,0.0,0.0,True,False,5876
SPY_10,SPY,2024-01-11 15:55:00+00:00,473.9303,473.90220000000005,prior_day_low,7.0,B,True,False,1.0,2,LONG,473.90220000000005,473.90220000000005,477.7217424,481.5131848,485.30462719999997,4.739303,3.7914423999999998,7.5828847999999995,11.374327199999998,474.6470641006145,0.7999999999999988,2024-01-11 15:55:00+00:00,2024-01-11 15:55:00+00:00,0,5877,5877,0,0.0,0.0,True,False,5877
SPY_11,SPY,2024-01-11 17:48:00+00:00,474.03,473.90220000000005,prior_day_low,7.0,B,True,True,1.0,2,LONG,473.90220000000005,473.90220000000005,477.82223999999997,481.61447999999996,485.40671999999995,4.7402999999999995,3.7922399999999996,7.584479999999999,11.376719999999999,473.4773251974494,0.7999999999999985,2024-01-11 17:48:00+00:00,2024-01-11 17:48:00+00:00,1,5990,5990,1,0.0,0.0,True,True,5990
SPY_12,SPY,2024-01-11 18:00:00+00:00,473.99,473.90220000000005,prior_day_low,7.0,B,True,False,1.0,2,LONG,473.90220000000005,473.90220000000005,477.78192,481.57384,485.36576,4.7399000000000004,3.7919200000000006,7.583840000000001,11.375760000000001,474.00752494370136,0.8000000000000009,2024-01-11 18:00:00+00:00,2024-01-11 18:00:00+00:00,0,6002,6002,0,0.0,0.0,True,False,6002
SPY_13,SPY,2024-01-16 13:01:00+00:00,475.3,473.90220000000005,prior_day_low,7.0,B,True,False,1.0,2,LONG,473.90220000000005,473.90220000000005,479.1024,482.9048,486.7072,4.753,3.8024000000000004,7.604800000000001,11.4072,475.1291311404146,0.7999999999999953,2024-01-16 13:01:00+00:00,2024-01-16 13:01:00+00:00,0,7288,7288,0,0.0,0.0,True,False,7288
SPY_14,SPY,2024-01-16 13:02:00+00:00,474.2,473.90220000000005,prior_day_low,7.0,B,True,False,1.0,2,LONG,473.90220000000005,473.90220000000005,477.9936,481.7872,485.5808,4.742,3.7936,7.5872,11.380799999999999,475.07238388056555,0.8000000000000056,2024-01-16 13:02:00+00:00,2024-01-16 13:02:00+00:00,0,7289,7289,0,0.0,0.0,True,False,7289
SPY_15,SPY,2024-01-16 14:45:00+00:00,474.11,473.90220000000005,prior_day_low,7.0,B,True,False,1.0,2,LONG,473.90220000000005,473.90220000000005,477.90288000000004,481.69576,485.48864000000003,4.7411,3.7928800000000003,7.5857600000000005,11.37864,474.7672058213387,0.8000000000000053,2024-01-16 14:45:00+00:00,2024-01-16 14:45:00+00:00,0,7392,7392,0,0.0,0.0,True,False,7392
SPY_16,SPY,2024-01-16 14:52:00+00:00,473.905,473.90220000000005,prior_day_low,7.0,B,True,False,1.0,2,LONG,473.90220000000005,473.90220000000005,477.69624,481.48747999999995,485.27871999999996,4.73905,3.79124,7.58248,11.373719999999999,474.32018060803017,0.8000000000000035,2024-01-16 14:52:00+00:00,2024-01-16 14:52:00+00:00,0,7399,7399,0,0.0,0.0,True,False,7399
SPY_17,SPY,2024-01-16 14:54:00+00:00,473.91,473.90220000000005,prior_day_low,7.0,B,True,False,1.0,2,LONG,473.90220000000005,473.90220000000005,477.70128,481.49256,485.28384000000005,4.7391000000000005,3.7912800000000004,7.582560000000001,11.373840000000001,474.22609517954334,0.799999999999994,2024-01-16 14:54:00+00:00,2024-01-16 14:54:00+00:00,0,7401,7401,0,0.0,0.0,True,False,7401
SPY_18,SPY,2024-01-16 18:00:00+00:00,474.03,473.90220000000005,prior_day_low,7.0,B,True,False,1.0,2,LONG,473.90220000000005,473.90220000000005,477.82223999999997,481.61447999999996,485.40671999999995,4.7402999999999995,3.7922399999999996,7.584479999999999,11.376719999999999,474.2643670697121,0.7999999999999985,2024-01-16 18:00:00+00:00,2024-01-16 18:00:00+00:00,0,7587,7587,0,0.0,0.0,True,False,7587
SPY_19,SPY,2024-01-16 18:54:00+00:00,473.914,473.90220000000005,prior_day_low,7.0,B,True,False,1.0,2,LONG,473.90220000000005,473.90220000000005,477.705312,481.496624,485.287936,4.73914,3.791312,7.582624,11.373935999999999,474.3839901414218,0.800000000000001,2024-01-16 18:54:00+00:00,2024-01-16 18:54:00+00:00,0,7641,7641,0,0.0,0.0,True,False,7641
SPY_20,SPY,2024-01-16 18:55:00+00:00,473.97,473.90220000000005,prior_day_low,7.0,B,True,False,1.0,2,LONG,473.90220000000005,473.90220000000005,477.76176000000004,481.55352000000005,485.34528,4.7397,3.79176,7.58352,11.37528,474.3439782054007,0.8000000000000023,2024-01-16 18:55:00+00:00,2024-01-16 18:55:00+00:00,0,7642,7642,0,0.0,0.0,True,False,7642
SPY_21,SPY,2024-01-16 18:57:00+00:00,473.9471,473.90220000000005,prior_day_low,7.0,B,True,False,1.0,2,LONG,473.90220000000005,473.90220000000005,477.73867679999995,481.5302536,485.32183039999995,4.739471,3.7915768,7.5831536,11.374730399999999,474.2466526389773,0.7999999999999943,2024-01-16 18:57:00+00:00,2024-01-16 18:57:00+00:00,0,7644,7644,0,0.0,0.0,True,False,7644
SPY_22,SPY,2024-01-16 20:36:00+00:00,473.91,473.90220000000005,prior_day_low,7.0,B,True,False,1.0,2,LONG,473.90220000000005,473.90220000000005,477.70128,481.49256,485.28384000000005,4.7391000000000005,3.7912800000000004,7.582560000000001,11.373840000000001,474.1118792237249,0.799999999999994,2024-01-16 20:36:00+00:00,2024-01-16 20:36:00+00:00,0,7743,7743,0,0.0,0.0,True,False,7743
SPY_23,SPY,2024-01-16 20:37:00+00:00,473.995,473.90220000000005,prior_day_low,7.0,B,True,False,1.0,2,LONG,473.90220000000005,473.90220000000005,477.78696,481.57892,485.37088,4.73995,3.7919600000000004,7.583920000000001,11.37588,474.10399314993316,0.8000000000000036,2024-01-16 20:37:00+00:00,2024-01-16 20:37:00+00:00,0,7744,7744,0,0.0,0.0,True,False,7744
SPY_24,SPY,2024-01-18 13:00:00+00:00,474.345,473.90220000000005,prior_day_low,8.0,B,True,True,1.0,2,LONG,473.90220000000005,473.90220000000005,478.13976,481.93452,485.72928,4.74345,3.79476,7.58952,11.38428,474.20623588851896,0.7999999999999993,2024-01-18 13:00:00+00:00,2024-01-18 13:00:00+00:00,1,8858,8858,1,0.0,0.0,True,True,8858
SPY_25,SPY,2024-01-18 13:02:00+00:00,474.37,473.90220000000005,prior_day_low,7.0,B,True,False,1.0,2,LONG,473.90220000000005,473.90220000000005,478.16496,481.95992,485.75488,4.7437000000000005,3.7949600000000006,7.589920000000001,11.38488,474.0857954016139,0.8000000000000006,2024-01-18 13:02:00+00:00,2024-01-18 13:02:00+00:00,0,8860,8860,0,0.0,0.0,True,False,8860
SPY_26,SPY,2024-01-18 13:03:00+00:00,474.42,473.90220000000005,prior_day_low,7.0,B,True,False,1.0,2,LONG,473.90220000000005,473.90220000000005,478.21536000000003,482.01072,485.80608,4.7442,3.7953600000000005,7.590720000000001,11.38608,474.0563135619306,0.8000000000000035,2024-01-18 13:03:00+00:00,2024-01-18 13:03:00+00:00,0,8861,8861,0,0.0,0.0,True,False,8861
SPY_27,SPY,2024-01-18 13:48:00+00:00,473.91,473.90220000000005,prior_day_low,8.0,B,True,True,1.0,2,LONG,473.90220000000005,473.90220000000005,477.70128,481.49256,485.28384000000005,4.7391000000000005,3.7912800000000004,7.582560000000001,11.373840000000001,474.3390722058478,0.799999999999994,2024-01-18 13:48:00+00:00,2024-01-18 13:48:00+00:00,1,8906,8906,1,0.0,0.0,True,True,8906
SPY_28,SPY,2024-01-18 14:21:00+00:00,474.13,473.90220000000005,prior_day_low,7.0,B,True,False,1.0,2,LONG,473.90220000000005,473.90220000000005,477.92304,481.71608,485.50912,4.7413,3.79304,7.58608,11.379119999999999,474.37821668360675,0.800000000000004,2024-01-18 14:21:00+00:00,2024-01-18 14:21:00+00:00,0,8939,8939,0,0.0,0.0,True,False,8939
SPY_29,SPY,2024-01-18 14:26:00+00:00,474.01,473.90220000000005,prior_day_low,7.0,B,True,False,1.0,2,LONG,473.90220000000005,473.90220000000005,477.80208,481.59416,485.38624,4.7401,3.7920800000000003,7.584160000000001,11.37624,474.37126867644076,0.7999999999999997,2024-01-18 14:26:00+00:00,2024-01-18 14:26:00+00:00,0,8944,8944,0,0.0,0.0,True,False,8944
SPY_30,SPY,2024-01-18 14:29:00+00:00,474.0,473.90220000000005,prior_day_low,8.0,B,True,True,1.0,2,LONG,473.90220000000005,473.90220000000005,477.792,481.584,485.376,4.74,3.7920000000000003,7.5840000000000005,11.376,474.30026606292506,0.7999999999999943,2024-01-18 14:29:00+00:00,2024-01-18 14:29:00+00:00,1,8947,8947,1,0.0,0.0,True,True,8947
SPY_31,SPY,2024-01-18 14:31:00+00:00,474.02,473.90220000000005,prior_day_low,8.0,B,True,True,1.0,2,LONG,473.90220000000005,473.90220000000005,477.81216,481.60432,485.39648,4.7402,3.79216,7.58432,11.376479999999999,474.13585220314576,0.8000000000000052,2024-01-18 14:31:00+00:00,2024-01-18 14:31:00+00:00,1,8949,8949,1,0.0,0.0,True,True,8949
SPY_32,SPY,2024-01-18 16:01:00+00:00,473.9197,473.90220000000005,prior_day_low,7.0,B,True,False,1.0,2,LONG,473.90220000000005,473.90220000000005,477.7110576,481.5024152,485.2937728,4.739197,3.7913576,7.5827152,11.374072799999999,474.47418830537583,0.8000000000000056,2024-01-18 16:01:00+00:00,2024-01-18 16:01:00+00:00,0,9039,9039,0,0.0,0.0,True,False,9039
SPY_33,SPY,2024-01-18 16:06:00+00:00,473.92,473.90220000000005,prior_day_low,7.0,B,True,False,1.0,2,LONG,473.90220000000005,473.90220000000005,477.71136,481.50272,485.29408,4.7392,3.7913600000000005,7.582720000000001,11.374080000000001,474.29043533786404,0.7999999999999994,2024-01-18 16:06:00+00:00,2024-01-18 16:06:00+00:00,0,9044,9044,0,0.0,0.0,True,False,9044
SPY_34,SPY,2024-01-18 16:08:00+00:00,473.9569,473.90220000000005,prior_day_low,7.0,B,True,False,1.0,2,LONG,473.90220000000005,473.90220000000005,477.7485552,481.54021040000003,485.3318656,4.739569,3.7916552000000006,7.583310400000001,11.374965600000001,474.2517979391399,0.7999999999999956,2024-01-18 16:08:00+00:00,2024-01-18 16:08:00+00:00,0,9046,9046,0,0.0,0.0,True,False,9046
SPY_35,SPY,2024-01-29 18:02:00+00:00,487.9599,487.8405,prior_day_low,7.6,B,True,True,0.8,2,LONG,487.8405,487.8405,491.8635792,495.7672584,499.6709376,4.879599,3.9036792,7.8073584,11.7110376,488.0833726808562,0.7999999999999998,2024-01-29 18:02:00+00:00,2024-01-29 18:02:00+00:00,1,14644,14644,1,0.0,0.0,True,True,14644
SPY_36,SPY,2024-03-07 13:00:00+00:00,511.26,511.0710000000001,prior_day_low,7.2,B,True,True,0.6,2,LONG,511.0710000000001,511.0710000000001,515.3500799999999,519.44016,523.5302399999999,5.1126,4.0900799999999995,8.180159999999999,12.27024,510.88479669231094,0.799999999999989,2024-03-07 13:00:00+00:00,2024-03-07 13:00:00+00:00,1,35672,35672,1,0.0,0.0,True,True,35672
SPY_37,SPY,2024-03-11 19:30:00+00:00,511.15,511.0710000000001,prior_day_low,7.2,B,True,True,0.6,2,LONG,511.0710000000001,511.0710000000001,515.2392,519.3284,523.4176,5.1114999999999995,4.0892,8.1784,12.267599999999998,511.08040247246396,0.8000000000000012,2024-03-11 19:30:00+00:00,2024-03-11 19:31:00+00:00,2,37706,37707,2,0.0,-0.001956372884670039,True,True,37706
SPY_38,SPY,2024-03-11 19:31:00+00:00,511.14,511.0710000000001,prior_day_low,7.2,B,True,True,0.6,2,LONG,511.0710000000001,511.0710000000001,515.22912,519.31824,523.40736,5.1114,4.08912,8.17824,12.267359999999998,511.0926434951784,0.7999999999999962,2024-03-11 19:31:00+00:00,2024-03-11 19:31:00+00:00,1,37707,37707,1,0.0,0.0,True,True,37707
SPY_39,SPY,2024-03-12 12:30:00+00:00,511.45,511.0710000000001,prior_day_low,7.2,B,True,True,0.6,2,LONG,511.0710000000001,511.0710000000001,515.5416,519.6332,523.7248,5.1145,4.0916,8.1832,12.274799999999999,511.95026356107866,0.8000000000000056,2024-03-12 12:30:00+00:00,2024-03-12 12:31:00+00:00,2,38068,38069,2,0.10558216834490575,0.0,True,True,38068
SPY_40,SPY,2024-03-12 12:31:00+00:00,511.99,511.0710000000001,prior_day_low,7.2,B,True,True,0.6,2,LONG,511.0710000000001,511.0710000000001,516.08592,520.18184,524.2777600000001,5.1199,4.0959200000000004,8.191840000000001,12.28776,511.91915958928575,0.7999999999999957,2024-03-12 12:31:00+00:00,2024-03-12 12:31:00+00:00,1,38069,38069,1,0.0,0.0,True,True,38069
SPY_41,SPY,2024-03-15 13:25:00+00:00,511.21,511.0710000000001,prior_day_low,7.2,B,True,True,0.6,2,LONG,511.0710000000001,511.0710000000001,515.29968,519.38936,523.4790399999999,5.1121,4.08968,8.17936,12.269039999999999,512.1110003515947,0.7999999999999975,2024-03-15 13:25:00+00:00,2024-03-15 13:25:00+00:00,1,40516,40516,1,0.0,0.0,True,True,40516
SPY_42,SPY,2024-03-15 14:59:00+00:00,511.08,511.0710000000001,prior_day_low,7.2,B,True,True,0.6,2,LONG,511.0710000000001,511.0710000000001,515.16864,519.25728,523.34592,5.1108,4.088640000000001,8.177280000000001,12.26592,511.23286112103244,0.7999999999999996,2024-03-15 14:59:00+00:00,2024-03-15 14:59:00+00:00,1,40610,40610,1,0.0,0.0,True,True,40610
SPY_43,SPY,2024-03-18 12:33:00+00:00,513.59,511.0710000000001,prior_day_low,7.2,B,True,True,0.6,2,LONG,511.0710000000001,511.0710000000001,517.69872,521.80744,525.91616,5.1359,4.108720000000001,8.217440000000002,12.32616,513.3386116347427,0.7999999999999899,2024-03-18 12:33:00+00:00,2024-03-18 12:33:00+00:00,1,41220,41220,1,0.0,0.0,True,True,41220
SPY_44,SPY,2024-06-18 19:35:00+00:00,548.06,548.163,prior_day_high,7.2,B,True,True,0.6,2,SHORT,548.163,548.163,543.6755199999999,539.29104,534.9065599999999,5.4806,4.38448,8.76896,13.15344,547.9175923506647,0.8000000000000097,2024-06-18 19:35:00+00:00,2024-06-18 19:35:00+00:00,1,91414,91414,1,0.0,0.0,True,True,91414
SPY_45,SPY,2024-06-28 15:41:00+00:00,547.9311,548.163,prior_day_high,7.2,B,True,True,0.6,2,SHORT,548.163,548.163,543.5476512,539.1642024,534.7807536,5.479311,4.3834488,8.7668976,13.1503464,547.9059829617839,0.7999999999999994,2024-06-28 15:41:00+00:00,2024-06-28 15:41:00+00:00,1,96498,96498,1,0.0,0.0,True,True,96498
SPY_46,SPY,2024-07-02 19:34:00+00:00,548.08,548.163,prior_day_high,7.2,B,True,True,0.6,2,SHORT,548.163,548.163,543.69536,539.3107200000001,534.9260800000001,5.4808,4.38464,8.76928,13.153920000000001,547.9097378829166,0.7999999999999982,2024-07-02 19:34:00+00:00,2024-07-02 19:34:00+00:00,1,98240,98240,1,0.0,0.0,True,True,98240
SPY_47,SPY,2024-07-02 19:50:00+00:00,548.08,548.163,prior_day_high,7.2,B,True,True,0.6,2,SHORT,548.163,548.163,543.69536,539.3107200000001,534.9260800000001,5.4808,4.38464,8.76928,13.153920000000001,548.0790275952078,0.7999999999999982,2024-07-02 19:50:00+00:00,2024-07-02 19:50:00+00:00,1,98256,98256,1,0.0,0.0,True,True,98256
SPY_48,SPY,2024-09-06 12:00:00+00:00,546.78,548.163,prior_day_high,7.2,B,True,True,0.6,2,SHORT,548.163,548.163,542.40576,538.03152,533.65728,5.4677999999999995,4.3742399999999995,8.748479999999999,13.12272,546.8828577271863,0.7999999999999975,2024-09-06 12:00:00+00:00,2024-09-06 12:00:00+00:00,1,134151,134151,1,0.0,0.0,True,True,134151
SPY_49,SPY,2024-09-06 12:30:00+00:00,547.79,548.163,prior_day_high,7.2,B,True,True,0.6,2,SHORT,548.163,548.163,543.4076799999999,539.02536,534.6430399999999,5.4779,4.38232,8.76464,13.14696,547.2518526022844,0.800000000000009,2024-09-06 12:30:00+00:00,2024-09-06 12:30:00+00:00,1,134181,134181,1,0.0,0.0,True,True,134181
SPY_50,SPY,2024-09-06 12:34:00+00:00,548.14,548.163,prior_day_high,7.2,B,True,True,0.6,2,SHORT,548.163,548.163,543.75488,539.36976,534.98464,5.4814,4.38512,8.77024,13.15536,547.3769208260992,0.8000000000000053,2024-09-06 12:34:00+00:00,2024-09-06 12:35:00+00:00,2,134185,134186,2,0.001824351443060332,0.0,True,True,134185
SPY_51,SPY,2024-09-06 12:35:00+00:00,548.15,548.163,prior_day_high,7.2,B,True,True,0.6,2,SHORT,548.163,548.163,543.7647999999999,539.3796,534.9943999999999,5.4815,4.3852,8.7704,13.155599999999998,547.4886665105794,0.80000000000001,2024-09-06 12:35:00+00:00,2024-09-06 12:35:00+00:00,1,134186,134186,1,0.0,0.0,True,True,134186
SPY_52,SPY,2024-09-10 12:59:00+00:00,548.12,548.163,prior_day_high,7.2,B,True,True,0.6,2,SHORT,548.163,548.163,543.73504,539.35008,534.96512,5.4812,4.38496,8.76992,13.15488,548.1088582739028,0.7999999999999959,2024-09-10 12:59:00+00:00,2024-09-10 12:59:00+00:00,1,135866,135866,1,0.0,0.0,True,True,135866
SPY_53,SPY,2024-10-11 23:59:00+00:00,578.61,578.6165,prior_day_high,7.6,B,True,True,0.8,2,SHORT,578.6165,578.6165,573.98112,569.35224,564.72336,5.7861,4.6288800000000005,9.257760000000001,13.88664,578.5580627371751,0.7999999999999967,2024-10-11 23:59:00+00:00,2024-10-11 23:59:00+00:00,1,154405,154405,1,0.0,0.0,True,True,154405
SPY_54,SPY,2024-10-25 23:22:00+00:00,578.39,578.6165,prior_day_high,7.6,B,True,True,0.8,2,SHORT,578.6165,578.6165,573.76288,569.13576,564.50864,5.7839,4.627120000000001,9.254240000000001,13.881359999999999,578.3912695341002,0.7999999999999984,2024-10-25 23:22:00+00:00,2024-10-25 23:22:00+00:00,1,162115,162115,1,0.0,0.0,True,True,162115
SPY_55,SPY,2024-10-31 13:14:00+00:00,576.29,578.6165,prior_day_high,7.6,B,True,True,0.8,2,SHORT,578.6165,578.6165,571.67968,567.06936,562.45904,5.7629,4.610320000000001,9.220640000000001,13.83096,576.9837497216066,0.8000000000000003,2024-10-31 13:14:00+00:00,2024-10-31 13:14:00+00:00,1,164807,164807,1,0.0,0.0,True,True,164807
SPY_56,SPY,2024-11-12 18:47:00+00:00,596.795,596.8886,prior_day_high,7.0,B,True,False,1.0,2,SHORT,596.8886,596.8886,592.02064,587.24628,582.47192,5.96795,4.774360000000001,9.548720000000001,14.32308,596.4173001452608,0.8000000000000003,2024-11-12 18:47:00+00:00,2024-11-12 18:47:00+00:00,0,171602,171602,0,0.0,0.0,True,False,171602
SPY_57,SPY,2024-11-12 20:52:00+00:00,596.842,596.8886,prior_day_high,7.0,B,True,True,1.0,2,SHORT,596.8886,596.8886,592.067264,587.292528,582.517792,5.96842,4.774736,9.549472,14.324208,597.2247081820209,0.7999999999999936,2024-11-12 20:52:00+00:00,2024-11-12 20:52:00+00:00,1,171727,171727,1,0.0,0.0,True,True,171727
SPY_58,SPY,2024-11-12 20:59:00+00:00,596.87,596.8886,prior_day_high,7.0,B,True,True,1.0,2,SHORT,596.8886,596.8886,592.09504,587.32008,582.54512,5.9687,4.77496,9.54992,14.32488,596.969266348097,0.799999999999994,2024-11-12 20:59:00+00:00,2024-11-12 20:59:00+00:00,1,171734,171734,1,0.0,0.0,True,True,171734
SPY_59,SPY,2024-11-12 23:00:00+00:00,596.6,596.8886,prior_day_high,7.0,B,True,True,1.0,2,SHORT,596.8886,596.8886,591.8272000000001,587.0544,582.2816,5.966,4.7728,9.5456,14.3184,596.7850006368784,0.7999999999999935,2024-11-12 23:00:00+00:00,2024-11-12 23:00:00+00:00,1,171839,171839,1,0.0,0.0,True,True,171839
SPY_60,SPY,2024-11-13 20:06:00+00:00,596.87,596.8886,prior_day_high,7.0,B,True,True,1.0,2,SHORT,596.8886,596.8886,592.09504,587.32008,582.54512,5.9687,4.77496,9.54992,14.32488,597.1361244245777,0.799999999999994,2024-11-13 20:06:00+00:00,2024-11-13 20:06:00+00:00,1,172471,172471,1,0.0,0.0,True,True,172471
SPY_61,SPY,2024-11-14 14:39:00+00:00,596.79,596.8886,prior_day_high,7.0,B,True,True,1.0,2,SHORT,596.8886,596.8886,592.01568,587.24136,582.46704,5.967899999999999,4.7743199999999995,9.548639999999999,14.322959999999998,597.3934347170921,0.7999999999999983,2024-11-14 14:39:00+00:00,2024-11-14 14:39:00+00:00,1,172953,172953,1,0.0,0.0,True,True,172953
SPY_62,SPY,2024-11-14 14:51:00+00:00,596.82,596.8886,prior_day_high,7.0,B,True,False,1.0,2,SHORT,596.8886,596.8886,592.0454400000001,587.27088,582.4963200000001,5.9682,4.77456,9.54912,14.323680000000001,596.6212431487295,0.7999999999999918,2024-11-14 14:51:00+00:00,2024-11-14 14:51:00+00:00,0,172965,172965,0,0.0,0.0,True,False,172965
SPY_63,SPY,2024-11-14 15:47:00+00:00,596.79,596.8886,prior_day_high,7.0,B,True,False,1.0,2,SHORT,596.8886,596.8886,592.01568,587.24136,582.46704,5.967899999999999,4.7743199999999995,9.548639999999999,14.322959999999998,596.5350495447175,0.7999999999999983,2024-11-14 15:47:00+00:00,2024-11-14 15:47:00+00:00,0,173021,173021,0,0.0,0.0,True,False,173021
SPY_64,SPY,2024-11-14 16:43:00+00:00,596.64,596.8886,prior_day_high,7.0,B,True,False,1.0,2,SHORT,596.8886,596.8886,591.86688,587.09376,582.32064,5.9664,4.7731200000000005,9.546240000000001,14.31936,596.5567708411102,0.7999999999999914,2024-11-14 16:43:00+00:00,2024-11-14 16:43:00+00:00,0,173077,173077,0,0.0,0.0,True,False,173077
SPY_65,SPY,2024-11-25 20:05:00+00:00,596.74,596.8886,prior_day_high,7.0,B,True,True,1.0,2,SHORT,596.8886,596.8886,591.96608,587.1921600000001,582.41824,5.9674000000000005,4.77392,9.54784,14.321760000000001,597.1184142890661,0.7999999999999958,2024-11-25 20:05:00+00:00,2024-11-25 20:05:00+00:00,1,178938,178938,1,0.0,0.0,True,True,178938
SPY_66,SPY,2024-11-25 20:12:00+00:00,596.86,596.8886,prior_day_high,7.0,B,True,False,1.0,2,SHORT,596.8886,596.8886,592.08512,587.31024,582.53536,5.9686,4.7748800000000005,9.549760000000001,14.32464,596.9268180623092,0.8000000000000088,2024-11-25 20:12:00+00:00,2024-11-25 20:12:00+00:00,0,178945,178945,0,0.0,0.0,True,False,178945
SPY_67,SPY,2024-12-24 14:48:00+00:00,596.8,596.8886,prior_day_high,7.0,B,True,False,1.0,2,SHORT,596.8886,596.8886,592.0255999999999,587.2511999999999,582.4767999999999,5.968,4.7744,9.5488,14.3232,596.2698456309043,0.8000000000000024,2024-12-24 14:48:00+00:00,2024-12-24 14:48:00+00:00,0,193712,193712,0,0.0,0.0,True,False,193712
SPY_68,SPY,2024-12-24 14:49:00+00:00,596.88,596.8886,prior_day_high,7.0,B,True,False,1.0,2,SHORT,596.8886,596.8886,592.10496,587.32992,582.55488,5.9688,4.77504,9.55008,14.32512,596.2857125768916,0.7999999999999984,2024-12-24 14:49:00+00:00,2024-12-24 14:49:00+00:00,0,193713,193713,0,0.0,0.0,True,False,193713
SPY_69,SPY,2024-12-27 14:45:00+00:00,596.79,596.8886,prior_day_high,7.0,B,True,False,1.0,2,SHORT,596.8886,596.8886,592.01568,587.24136,582.46704,5.967899999999999,4.7743199999999995,9.548639999999999,14.322959999999998,597.0977237233517,0.7999999999999983,2024-12-27 14:45:00+00:00,2024-12-27 14:45:00+00:00,0,195004,195004,0,0.0,0.0,True,False,195004
IWM_1,IWM,2024-01-16 13:01:00+00:00,191.98,191.27550000000002,prior_day_low,8.0,B,True,True,1.0,2,LONG,191.27550000000002,191.27550000000002,193.51584,195.05167999999998,196.58751999999998,1.9198,1.53584,3.07168,4.60752,192.04796114381293,0.8000000000000039,2024-01-16 13:01:00+00:00,2024-01-16 13:01:00+00:00,1,7006,7006,1,0.0,0.0,True,True,7006
IWM_2,IWM,2024-01-16 13:03:00+00:00,192.06,191.27550000000002,prior_day_low,7.0,B,True,False,1.0,2,LONG,191.27550000000002,191.27550000000002,193.59648,195.13296,196.66944,1.9206,1.53648,3.07296,4.60944,192.017784833483,0.800000000000006,2024-01-16 13:03:00+00:00,2024-01-16 13:03:00+00:00,0,7008,7008,0,0.0,0.0,True,False,7008
IWM_3,IWM,2024-01-16 13:04:00+00:00,191.49,191.27550000000002,prior_day_low,7.0,B,True,False,1.0,2,LONG,191.27550000000002,191.27550000000002,193.02192000000002,194.55384,196.08576000000002,1.9149,1.5319200000000002,3.0638400000000003,4.59576,191.99247498368874,0.8000000000000071,2024-01-16 13:04:00+00:00,2024-01-16 13:04:00+00:00,0,7009,7009,0,0.0,0.0,True,False,7009
IWM_4,IWM,2024-01-16 14:03:00+00:00,191.28,191.27550000000002,prior_day_low,8.0,B,True,True,1.0,2,LONG,191.27550000000002,191.27550000000002,192.81024,194.34048,195.87072,1.9128,1.53024,3.06048,4.59072,191.5495200944619,0.7999999999999958,2024-01-16 14:03:00+00:00,2024-01-16 14:03:00+00:00,1,7064,7064,1,0.0,0.0,True,True,7064
IWM_5,IWM,2024-01-16 15:11:00+00:00,191.315,191.27550000000002,prior_day_low,7.0,B,True,False,1.0,2,LONG,191.27550000000002,191.27550000000002,192.84552,194.37604,195.90655999999998,1.91315,1.53052,3.06104,4.591559999999999,191.12888781067304,0.7999999999999978,2024-01-16 15:11:00+00:00,2024-01-16 15:11:00+00:00,0,7132,7132,0,0.0,0.0,True,False,7132
IWM_6,IWM,2024-01-16 16:00:00+00:00,191.29,191.27550000000002,prior_day_low,8.0,B,True,True,1.0,2,LONG,191.27550000000002,191.27550000000002,192.82031999999998,194.35064,195.88096,1.9129,1.5303200000000001,3.0606400000000002,4.59096,191.86530693844486,0.7999999999999943,2024-01-16 16:00:00+00:00,2024-01-16 16:01:00+00:00,2,7181,7182,2,0.09932563124052368,0.0,True,True,7181
IWM_7,IWM,2024-01-16 16:01:00+00:00,191.48,191.27550000000002,prior_day_low,8.0,B,True,True,1.0,2,LONG,191.27550000000002,191.27550000000002,193.01183999999998,194.54368,196.07551999999998,1.9147999999999998,1.5318399999999999,3.0636799999999997,4.59552,191.7220356765621,0.7999999999999939,2024-01-16 16:01:00+00:00,2024-01-16 16:01:00+00:00,1,7182,7182,1,0.0,0.0,True,True,7182
IWM_8,IWM,2024-01-16 16:05:00+00:00,191.51,191.27550000000002,prior_day_low,7.0,B,True,False,1.0,2,LONG,191.27550000000002,191.27550000000002,193.04208,194.57415999999998,196.10623999999999,1.9151,1.53208,3.06416,4.59624,191.39789834299265,0.800000000000004,2024-01-16 16:05:00+00:00,2024-01-16 16:05:00+00:00,0,7186,7186,0,0.0,0.0,True,False,7186
IWM_9,IWM,2024-01-16 16:15:00+00:00,191.31,191.27550000000002,prior_day_low,7.0,B,True,False,1.0,2,LONG,191.27550000000002,191.27550000000002,192.84048,194.37096,195.90144,1.9131,1.53048,3.06096,4.5914399999999995,191.29132231145994,0.8000000000000059,2024-01-16 16:15:00+00:00,2024-01-16 16:15:00+00:00,0,7196,7196,0,0.0,0.0,True,False,7196
IWM_10,IWM,2024-01-16 18:15:00+00:00,191.33,191.27550000000002,prior_day_low,7.0,B,True,True,1.0,2,LONG,191.27550000000002,191.27550000000002,192.86064000000002,194.39128000000002,195.92192,1.9133000000000002,1.5306400000000002,3.0612800000000004,4.59192,191.18601678371505,0.8000000000000027,2024-01-16 18:15:00+00:00,2024-01-16 18:15:00+00:00,1,7316,7316,1,0.0,0.0,True,True,7316
IWM_11,IWM,2024-01-16 18:26:00+00:00,191.28,191.27550000000002,prior_day_low,7.0,B,True,False,1.0,2,LONG,191.27550000000002,191.27550000000002,192.81024,194.34048,195.87072,1.9128,1.53024,3.06048,4.59072,191.30590896338197,0.7999999999999958,2024-01-16 18:26:00+00:00,2024-01-16 18:26:00+00:00,0,7327,7327,0,0.0,0.0,True,False,7327
IWM_12,IWM,2024-01-19 13:00:00+00:00,191.32,191.27550000000002,prior_day_low,7.0,B,True,True,1.0,2,LONG,191.27550000000002,191.27550000000002,192.85056,194.38111999999998,195.91168,1.9132,1.5305600000000001,3.0611200000000003,4.59168,191.1423797296754,0.8000000000000044,2024-01-19 13:00:00+00:00,2024-01-19 13:00:00+00:00,1,9338,9338,1,0.0,0.0,True,True,9338
IWM_13,IWM,2024-01-19 14:29:00+00:00,191.29,191.27550000000002,prior_day_low,7.0,B,True,True,1.0,2,LONG,191.27550000000002,191.27550000000002,192.82031999999998,194.35064,195.88096,1.9129,1.5303200000000001,3.0606400000000002,4.59096,190.95842239490307,0.7999999999999943,2024-01-19 14:29:00+00:00,2024-01-19 14:29:00+00:00,1,9426,9426,1,0.0,0.0,True,True,9426
IWM_14,IWM,2024-01-19 18:23:00+00:00,191.35,191.27550000000002,prior_day_low,7.0,B,True,True,1.0,2,LONG,191.27550000000002,191.27550000000002,192.8808,194.4116,195.9424,1.9135,1.5308000000000002,3.0616000000000003,4.5924,191.00492030308084,0.7999999999999996,2024-01-19 18:23:00+00:00,2024-01-19 18:23:00+00:00,1,9660,9660,1,0.0,0.0,True,True,9660
IWM_15,IWM,2024-01-19 18:27:00+00:00,191.29,191.27550000000002,prior_day_low,7.0,B,True,True,1.0,2,LONG,191.27550000000002,191.27550000000002,192.82031999999998,194.35064,195.88096,1.9129,1.5303200000000001,3.0606400000000002,4.59096,191.12530012632314,0.7999999999999943,2024-01-19 18:27:00+00:00,2024-01-19 18:27:00+00:00,1,9664,9664,1,0.0,0.0,True,True,9664
IWM_16,IWM,2024-01-25 14:32:00+00:00,197.08,196.90125,prior_day_low,7.6,B,True,True,0.8,2,LONG,196.90125,196.90125,198.65664,200.23328,201.80992,1.9708,1.5766400000000003,3.1532800000000005,4.72992,197.12143305185805,0.7999999999999987,2024-01-25 14:32:00+00:00,2024-01-25 14:33:00+00:00,2,12562,12563,2,0.03551857113862045,0.0,True,True,12562
IWM_17,IWM,2024-01-25 14:33:00+00:00,197.15,196.90125,prior_day_low,7.6,B,True,True,0.8,2,LONG,196.90125,196.90125,198.7272,200.30440000000002,201.8816,1.9715,1.5772000000000002,3.1544000000000003,4.7316,197.11576088344248,0.8000000000000025,2024-01-25 14:33:00+00:00,2024-01-25 14:33:00+00:00,1,12563,12563,1,0.0,0.0,True,True,12563
IWM_18,IWM,2024-02-05 14:37:00+00:00,191.61,191.27550000000002,prior_day_low,8.0,B,True,True,1.0,2,LONG,191.27550000000002,191.27550000000002,193.14288000000002,194.67576000000003,196.20864,1.9161000000000001,1.5328800000000002,3.0657600000000005,4.5986400000000005,191.863987081441,0.8000000000000029,2024-02-05 14:37:00+00:00,2024-02-05 14:37:00+00:00,1,18043,18043,1,0.0,0.0,True,True,18043
IWM_19,IWM,2024-02-06 13:00:00+00:00,191.29,191.27550000000002,prior_day_low,7.0,B,True,True,1.0,2,LONG,191.27550000000002,191.27550000000002,192.82031999999998,194.35064,195.88096,1.9129,1.5303200000000001,3.0606400000000002,4.59096,191.30968594548176,0.7999999999999943,2024-02-06 13:00:00+00:00,2024-02-06 13:00:00+00:00,1,18687,18687,1,0.0,0.0,True,True,18687
IWM_20,IWM,2024-02-06 14:31:00+00:00,191.33,191.27550000000002,prior_day_low,8.0,B,True,True,1.0,2,LONG,191.27550000000002,191.27550000000002,192.86064000000002,194.39128000000002,195.92192,1.9133000000000002,1.5306400000000002,3.0612800000000004,4.59192,191.434746802957,0.8000000000000027,2024-02-06 14:31:00+00:00,2024-02-06 14:32:00+00:00,2,18766,18767,2,0.0,0.0,True,True,18766
IWM_21,IWM,2024-02-06 14:32:00+00:00,191.33,191.27550000000002,prior_day_low,8.0,B,True,True,1.0,2,LONG,191.27550000000002,191.27550000000002,192.86064000000002,194.39128000000002,195.92192,1.9133000000000002,1.5306400000000002,3.0612800000000004,4.59192,191.38987480017732,0.8000000000000027,2024-02-06 14:32:00+00:00,2024-02-06 14:32:00+00:00,1,18767,18767,1,0.0,0.0,True,True,18767
IWM_22,IWM,2024-02-09 13:00:00+00:00,196.9596,196.90125,prior_day_low,7.6,B,True,True,0.8,2,LONG,196.90125,196.90125,198.5352768,200.1109536,201.68663039999998,1.969596,1.5756768,3.1513536,4.727030399999999,196.96043470355266,0.7999999999999983,2024-02-09 13:00:00+00:00,2024-02-09 13:00:00+00:00,1,20960,20960,1,0.0,0.0,True,True,20960
IWM_23,IWM,2024-02-09 14:33:00+00:00,196.94,196.90125,prior_day_low,7.6,B,True,True,0.8,2,LONG,196.90125,196.90125,198.51552,200.09104,201.66656,1.9694,1.57552,3.15104,4.72656,196.84858207049786,0.8000000000000058,2024-02-09 14:33:00+00:00,2024-02-09 14:33:00+00:00,1,21050,21050,1,0.0,0.0,True,True,21050
IWM_24,IWM,2024-02-21 18:02:00+00:00,196.925,196.90125,prior_day_low,7.6,B,True,True,0.8,2,LONG,196.90125,196.90125,198.5004,200.07580000000002,201.65120000000002,1.9692500000000002,1.5754000000000001,3.1508000000000003,4.7262,197.2607668943702,0.8000000000000009,2024-02-21 18:02:00+00:00,2024-02-21 18:02:00+00:00,1,26678,26678,1,0.0,0.0,True,True,26678
IWM_25,IWM,2024-03-04 13:00:00+00:00,207.12,206.27750000000003,prior_day_low,7.2,B,True,True,0.6,2,LONG,206.27750000000003,206.27750000000003,208.77696,210.43392,212.09088,2.0712,1.6569600000000002,3.3139200000000004,4.97088,207.0674418273391,0.7999999999999989,2024-03-04 13:00:00+00:00,2024-03-04 13:00:00+00:00,1,32421,32421,1,0.0,0.0,True,True,32421
IWM_26,IWM,2024-03-20 20:56:00+00:00,206.38,206.27750000000003,prior_day_low,7.2,B,True,True,0.6,2,LONG,206.27750000000003,206.27750000000003,208.03104,209.68207999999998,211.33312,2.0638,1.65104,3.30208,4.95312,206.40627864326217,0.7999999999999974,2024-03-20 20:56:00+00:00,2024-03-20 20:56:00+00:00,1,41616,41616,1,0.0,0.0,True,True,41616
IWM_27,IWM,2024-03-27 12:02:00+00:00,206.28,206.27750000000003,prior_day_low,7.2,B,True,True,0.6,2,LONG,206.27750000000003,206.27750000000003,207.93024,209.58048,211.23072,2.0628,1.6502400000000002,3.3004800000000003,4.9507200000000005,206.47508648566338,0.7999999999999983,2024-03-27 12:02:00+00:00,2024-03-27 12:02:00+00:00,1,44801,44801,1,0.0,0.0,True,True,44801
IWM_28,IWM,2024-04-19 10:21:00+00:00,191.28,191.27550000000002,prior_day_low,7.0,B,True,False,1.0,2,LONG,191.27550000000002,191.27550000000002,192.81024,194.34048,195.87072,1.9128,1.53024,3.06048,4.59072,191.42540106280597,0.7999999999999958,2024-04-19 10:21:00+00:00,2024-04-19 10:21:00+00:00,0,56567,56567,0,0.0,0.0,True,False,56567
IWM_29,IWM,2024-05-22 18:22:00+00:00,206.45,206.27750000000003,prior_day_low,7.2,B,True,True,0.6,2,LONG,206.27750000000003,206.27750000000003,208.1016,209.7532,211.4048,2.0645,1.6516,3.3032,4.9548,206.8026499465687,0.800000000000001,2024-05-22 18:22:00+00:00,2024-05-22 18:22:00+00:00,1,73473,73473,1,0.0,0.0,True,True,73473
IWM_30,IWM,2024-05-23 13:37:00+00:00,206.42,206.27750000000003,prior_day_low,7.2,B,True,True,0.6,2,LONG,206.27750000000003,206.27750000000003,208.07136,209.72271999999998,211.37408,2.0642,1.6513600000000002,3.3027200000000003,4.95408,206.88540274806698,0.8000000000000054,2024-05-23 13:37:00+00:00,2024-05-23 13:37:00+00:00,1,73960,73960,1,0.0,0.0,True,True,73960
IWM_31,IWM,2024-05-23 13:41:00+00:00,206.295,206.27750000000003,prior_day_low,7.2,B,True,True,0.6,2,LONG,206.27750000000003,206.27750000000003,207.94536,209.59572,211.24607999999998,2.06295,1.65036,3.30072,4.951079999999999,206.75300118917357,0.8000000000000032,2024-05-23 13:41:00+00:00,2024-05-23 13:41:00+00:00,1,73964,73964,1,0.0,0.0,True,True,73964
IWM_32,IWM,2024-05-28 13:35:00+00:00,206.35,206.27750000000003,prior_day_low,7.2,B,True,True,0.6,2,LONG,206.27750000000003,206.27750000000003,208.0008,209.6516,211.3024,2.0635,1.6508,3.3016,4.9524,206.79598321526248,0.8000000000000019,2024-05-28 13:35:00+00:00,2024-05-28 13:35:00+00:00,1,75368,75368,1,0.0,0.0,True,True,75368
IWM_33,IWM,2024-07-22 21:45:00+00:00,220.47,220.482,prior_day_high,7.2,B,True,True,0.6,2,SHORT,220.482,220.482,218.70624,216.94248,215.17872,2.2047,1.76376,3.52752,5.2912799999999995,220.43686874894257,0.7999999999999958,2024-07-22 21:45:00+00:00,2024-07-22 21:45:00+00:00,1,103706,103706,1,0.0,0.0,True,True,103706
IWM_34,IWM,2024-08-05 12:32:00+00:00,197.19,196.90125,prior_day_low,7.6,B,True,True,0.8,2,LONG,196.90125,196.90125,198.76752,200.34504,201.92256,1.9719,1.57752,3.15504,4.732559999999999,198.10821401463613,0.7999999999999963,2024-08-05 12:32:00+00:00,2024-08-05 12:32:00+00:00,1,111422,111422,1,0.0,0.0,True,True,111422
IWM_35,IWM,2024-08-05 13:30:00+00:00,197.0,196.90125,prior_day_low,7.6,B,True,True,0.8,2,LONG,196.90125,196.90125,198.576,200.152,201.728,1.97,1.576,3.152,4.728,197.5323662251561,0.7999999999999967,2024-08-05 13:30:00+00:00,2024-08-05 13:30:00+00:00,1,111480,111480,1,0.0,0.0,True,True,111480
IWM_36,IWM,2024-08-07 12:01:00+00:00,207.42,206.27750000000003,prior_day_low,7.2,B,True,True,0.6,2,LONG,206.27750000000003,206.27750000000003,209.07935999999998,210.73872,212.39808,2.0742,1.65936,3.31872,4.978079999999999,207.54233768184827,0.7999999999999964,2024-08-07 12:01:00+00:00,2024-08-07 12:01:00+00:00,1,113084,113084,1,0.0,0.0,True,True,113084
IWM_37,IWM,2024-08-08 19:32:00+00:00,206.39,206.27750000000003,prior_day_low,7.2,B,True,True,0.6,2,LONG,206.27750000000003,206.27750000000003,208.04111999999998,209.69224,211.34336,2.0639,1.65112,3.30224,4.953359999999999,206.6929623887406,0.799999999999996,2024-08-08 19:32:00+00:00,2024-08-08 19:32:00+00:00,1,114337,114337,1,0.0,0.0,True,True,114337
IWM_38,IWM,2024-08-08 19:34:00+00:00,206.3311,206.27750000000003,prior_day_low,7.2,B,True,True,0.6,2,LONG,206.27750000000003,206.27750000000003,207.9817488,209.6323976,211.2830464,2.063311,1.6506488000000001,3.3012976000000003,4.9519464,206.5739018855633,0.7999999999999995,2024-08-08 19:34:00+00:00,2024-08-08 19:34:00+00:00,1,114339,114339,1,0.0,0.0,True,True,114339
IWM_39,IWM,2024-08-08 19:52:00+00:00,206.3,206.27750000000003,prior_day_low,7.2,B,True,True,0.6,2,LONG,206.27750000000003,206.27750000000003,207.9504,209.60080000000002,211.2512,2.063,1.6504000000000003,3.3008000000000006,4.9512,206.24975586791834,0.7999999999999954,2024-08-08 19:52:00+00:00,2024-08-08 19:52:00+00:00,1,114357,114357,1,0.0,0.0,True,True,114357
IWM_40,IWM,2024-08-09 12:01:00+00:00,206.54,206.27750000000003,prior_day_low,7.2,B,True,True,0.6,2,LONG,206.27750000000003,206.27750000000003,208.19232,209.84464,211.49696,2.0654,1.65232,3.30464,4.95696,207.460561616411,0.8000000000000016,2024-08-09 12:01:00+00:00,2024-08-09 12:01:00+00:00,1,114637,114637,1,0.0,0.0,True,True,114637
IWM_41,IWM,2024-08-09 13:35:00+00:00,206.53,206.27750000000003,prior_day_low,7.2,B,True,True,0.6,2,LONG,206.27750000000003,206.27750000000003,208.18224,209.83448,211.48672,2.0653,1.6522400000000002,3.3044800000000003,4.95672,206.69194134972312,0.8000000000000029,2024-08-09 13:35:00+00:00,2024-08-09 13:35:00+00:00,1,114720,114720,1,0.0,0.0,True,True,114720
IWM_42,IWM,2024-08-12 13:31:00+00:00,206.37,206.27750000000003,prior_day_low,7.2,B,True,True,0.6,2,LONG,206.27750000000003,206.27750000000003,208.02096,209.67192,211.32288,2.0637,1.65096,3.30192,4.9528799999999995,206.6127535845052,0.7999999999999989,2024-08-12 13:31:00+00:00,2024-08-12 13:31:00+00:00,1,115390,115390,1,0.0,0.0,True,True,115390
IWM_43,IWM,2024-08-13 15:59:00+00:00,206.28,206.27750000000003,prior_day_low,7.2,B,True,True,0.6,2,LONG,206.27750000000003,206.27750000000003,207.93024,209.58048,211.23072,2.0628,1.6502400000000002,3.3004800000000003,4.9507200000000005,206.26728228757517,0.7999999999999983,2024-08-13 15:59:00+00:00,2024-08-13 15:59:00+00:00,1,116234,116234,1,0.0,0.0,True,True,116234
IWM_44,IWM,2024-08-30 13:35:00+00:00,220.15,220.482,prior_day_high,7.2,B,True,True,0.6,2,SHORT,220.482,220.482,218.3888,216.6276,214.8664,2.2015000000000002,1.7612000000000003,3.5224000000000006,5.283600000000001,219.96833478293829,0.8000000000000009,2024-08-30 13:35:00+00:00,2024-08-30 13:35:00+00:00,1,125331,125331,1,0.0,0.0,True,True,125331
IWM_45,IWM,2024-09-11 12:33:00+00:00,206.56,206.27750000000003,prior_day_low,7.2,B,True,True,0.6,2,LONG,206.27750000000003,206.27750000000003,208.21248,209.86496,211.51744,2.0656,1.65248,3.30496,4.957439999999999,207.12969847202078,0.7999999999999986,2024-09-11 12:33:00+00:00,2024-09-11 12:33:00+00:00,1,130309,130309,1,0.0,0.0,True,True,130309
IWM_46,IWM,2024-09-11 13:38:00+00:00,206.64,206.27750000000003,prior_day_low,7.2,B,True,True,0.6,2,LONG,206.27750000000003,206.27750000000003,208.29312,209.94624,211.59936,2.0664,1.65312,3.30624,4.959359999999999,206.8500561322958,0.8000000000000007,2024-09-11 13:38:00+00:00,2024-09-11 13:38:00+00:00,1,130374,130374,1,0.0,0.0,True,True,130374
IWM_47,IWM,2024-09-23 16:41:00+00:00,220.4,220.482,prior_day_high,7.2,B,True,True,0.6,2,SHORT,220.482,220.482,218.6368,216.8736,215.1104,2.204,1.7632000000000003,3.5264000000000006,5.2896,220.33046552730931,0.8000000000000054,2024-09-23 16:41:00+00:00,2024-09-23 16:41:00+00:00,1,136411,136411,1,0.0,0.0,True,True,136411
IWM_48,IWM,2024-09-24 14:55:00+00:00,220.44,220.482,prior_day_high,7.2,B,True,True,0.6,2,SHORT,220.482,220.482,218.67648,216.91296,215.14944,2.2044,1.7635200000000002,3.5270400000000004,5.29056,220.02851656889288,0.7999999999999998,2024-09-24 14:55:00+00:00,2024-09-24 14:55:00+00:00,1,137004,137004,1,0.0,0.0,True,True,137004
IWM_49,IWM,2024-09-24 15:00:00+00:00,220.475,220.482,prior_day_high,7.2,B,True,True,0.6,2,SHORT,220.482,220.482,218.7112,216.9474,215.18359999999998,2.20475,1.7638000000000003,3.5276000000000005,5.2914,220.21607551157544,0.8000000000000015,2024-09-24 15:00:00+00:00,2024-09-24 15:00:00+00:00,1,137009,137009,1,0.0,0.0,True,True,137009
IWM_50,IWM,2024-09-27 12:30:00+00:00,220.39,220.482,prior_day_high,7.2,B,True,True,0.6,2,SHORT,220.482,220.482,218.62688,216.86375999999998,215.10064,2.2039,1.76312,3.52624,5.289359999999999,220.32474963326914,0.7999999999999938,2024-09-27 12:30:00+00:00,2024-09-27 12:31:00+00:00,2,139031,139032,2,0.0,-0.04083669857977903,True,True,139031
IWM_51,IWM,2024-09-27 12:31:00+00:00,220.3,220.482,prior_day_high,7.2,B,True,True,0.6,2,SHORT,220.482,220.482,218.5376,216.7752,215.0128,2.2030000000000003,1.7624000000000004,3.524800000000001,5.2872,220.34122951454557,0.8000000000000062,2024-09-27 12:31:00+00:00,2024-09-27 12:31:00+00:00,1,139032,139032,1,0.0,0.0,True,True,139032
IWM_52,IWM,2024-09-27 19:54:00+00:00,220.48,220.482,prior_day_high,7.2,B,True,True,0.6,2,SHORT,220.482,220.482,218.71616,216.95232,215.18848,2.2048,1.76384,3.52768,5.29152,220.22633000120933,0.7999999999999944,2024-09-27 19:54:00+00:00,2024-09-27 19:54:00+00:00,1,139475,139475,1,0.0,0.0,True,True,139475
IWM_53,IWM,2024-09-30 12:00:00+00:00,218.8799,220.482,prior_day_high,7.2,B,True,True,0.6,2,SHORT,220.482,220.482,217.12886079999998,215.3778216,213.6267824,2.188799,1.7510392000000001,3.5020784000000003,5.2531175999999995,219.03344457984096,0.8000000000000037,2024-09-30 12:00:00+00:00,2024-09-30 12:00:00+00:00,1,139701,139701,1,0.0,0.0,True,True,139701
IWM_54,IWM,2024-10-11 17:24:00+00:00,220.452,220.482,prior_day_high,7.2,B,True,True,0.6,2,SHORT,220.482,220.482,218.68838399999999,216.924768,215.161152,2.20452,1.763616,3.527232,5.2908479999999996,220.35396399033203,0.8000000000000059,2024-10-11 17:24:00+00:00,2024-10-11 17:24:00+00:00,1,146274,146274,1,0.0,0.0,True,True,146274
IWM_55,IWM,2024-10-28 12:00:00+00:00,220.32,220.482,prior_day_high,7.2,B,True,True,0.6,2,SHORT,220.482,220.482,218.55743999999999,216.79488,215.03232,2.2032,1.76256,3.52512,5.287679999999999,220.1369136559693,0.8000000000000036,2024-10-28 12:00:00+00:00,2024-10-28 12:00:00+00:00,1,153860,153860,1,0.0,0.0,True,True,153860
IWM_56,IWM,2024-10-31 14:25:00+00:00,220.48,220.482,prior_day_high,7.2,B,True,True,0.6,2,SHORT,220.482,220.482,218.71616,216.95232,215.18848,2.2048,1.76384,3.52768,5.29152,220.14805629453807,0.7999999999999944,2024-10-31 14:25:00+00:00,2024-10-31 14:25:00+00:00,1,156236,156236,1,0.0,0.0,True,True,156236
IWM_57,IWM,2024-11-05 13:00:00+00:00,220.42,220.482,prior_day_high,7.2,B,True,True,0.6,2,SHORT,220.482,220.482,218.65663999999998,216.89327999999998,215.12992,2.2041999999999997,1.7633599999999998,3.5267199999999996,5.290079999999999,220.3366452065442,0.8000000000000027,2024-11-05 13:00:00+00:00,2024-11-05 13:00:00+00:00,1,158236,158236,1,0.0,0.0,True,True,158236
IWM_58,IWM,2024-11-05 13:32:00+00:00,220.48,220.482,prior_day_high,7.2,B,True,True,0.6,2,SHORT,220.482,220.482,218.71616,216.95232,215.18848,2.2048,1.76384,3.52768,5.29152,220.31334893522884,0.7999999999999944,2024-11-05 13:32:00+00:00,2024-11-05 13:32:00+00:00,1,158257,158257,1,0.0,0.0,True,True,158257
IWM_59,IWM,2024-11-13 13:31:00+00:00,239.5,240.0804,prior_day_high,8.0,B,True,True,1.0,2,SHORT,240.0804,240.0804,237.584,235.668,233.752,2.395,1.9160000000000001,3.8320000000000003,5.748,238.6340106359183,0.7999999999999987,2024-11-13 13:31:00+00:00,2024-11-13 13:31:00+00:00,1,163094,163094,1,0.0,0.0,True,True,163094
IWM_60,IWM,2024-11-13 13:36:00+00:00,240.06,240.0804,prior_day_high,7.0,B,True,False,1.0,2,SHORT,240.0804,240.0804,238.13952,236.21904,234.29856,2.4006000000000003,1.9204800000000004,3.840960000000001,5.76144,238.97284047590688,0.7999999999999989,2024-11-13 13:36:00+00:00,2024-11-13 13:36:00+00:00,0,163099,163099,0,0.0,0.0,True,False,163099
IWM_61,IWM,2024-12-03 16:33:00+00:00,240.04,240.0804,prior_day_high,7.0,B,True,False,1.0,2,SHORT,240.0804,240.0804,238.11968,236.19935999999998,234.27903999999998,2.4004,1.92032,3.84064,5.76096,239.91339036437836,0.8000000000000016,2024-12-03 16:33:00+00:00,2024-12-03 16:33:00+00:00,0,172925,172925,0,0.0,0.0,True,False,172925
IWM_62,IWM,2024-12-03 17:37:00+00:00,240.06,240.0804,prior_day_high,7.0,B,True,False,1.0,2,SHORT,240.0804,240.0804,238.13952,236.21904,234.29856,2.4006000000000003,1.9204800000000004,3.840960000000001,5.76144,239.91992879858353,0.7999999999999989,2024-12-03 17:37:00+00:00,2024-12-03 17:37:00+00:00,0,172989,172989,0,0.0,0.0,True,False,172989
IWM_63,IWM,2024-12-03 17:38:00+00:00,240.0475,240.0804,prior_day_high,8.0,B,True,True,1.0,2,SHORT,240.0804,240.0804,238.12712000000002,236.20674000000002,234.28636,2.400475,1.9203800000000002,3.8407600000000004,5.76114,239.94779655842544,0.7999999999999976,2024-12-03 17:38:00+00:00,2024-12-03 17:38:00+00:00,1,172990,172990,1,0.0,0.0,True,True,172990
IWM_64,IWM,2024-12-03 17:40:00+00:00,240.05,240.0804,prior_day_high,7.0,B,True,False,1.0,2,SHORT,240.0804,240.0804,238.1296,236.2092,234.2888,2.4005,1.9204,3.8408,5.7612,239.98703172158176,0.8000000000000003,2024-12-03 17:40:00+00:00,2024-12-03 17:40:00+00:00,0,172992,172992,0,0.0,0.0,True,False,172992
IWM_65,IWM,2024-12-03 19:38:00+00:00,240.08,240.0804,prior_day_high,7.0,B,True,False,1.0,2,SHORT,240.0804,240.0804,238.15936000000002,236.23872,234.31808,2.4008000000000003,1.9206400000000003,3.8412800000000007,5.761920000000001,239.93524970576857,0.7999999999999965,2024-12-03 19:38:00+00:00,2024-12-03 19:38:00+00:00,0,173110,173110,0,0.0,0.0,True,False,173110
IWM_66,IWM,2024-12-03 20:26:00+00:00,240.02,240.0804,prior_day_high,7.0,B,True,False,1.0,2,SHORT,240.0804,240.0804,238.09984,236.17968000000002,234.25952,2.4002000000000003,1.9201600000000003,3.8403200000000006,5.76048,239.89309606292574,0.800000000000004,2024-12-03 20:26:00+00:00,2024-12-03 20:26:00+00:00,0,173158,173158,0,0.0,0.0,True,False,173158
IWM_67,IWM,2024-12-04 14:30:00+00:00,240.06,240.0804,prior_day_high,7.0,B,True,True,1.0,2,SHORT,240.0804,240.0804,238.13952,236.21904,234.29856,2.4006000000000003,1.9204800000000004,3.840960000000001,5.76144,240.1964368957882,0.7999999999999989,2024-12-04 14:30:00+00:00,2024-12-04 14:30:00+00:00,1,173535,173535,1,0.0,0.0,True,True,173535
IWM_68,IWM,2024-12-04 18:57:00+00:00,240.03,240.0804,prior_day_high,7.0,B,True,False,1.0,2,SHORT,240.0804,240.0804,238.10976,236.18952,234.26928,2.4003,1.9202400000000002,3.8404800000000003,5.76072,239.82427729272007,0.8000000000000028,2024-12-04 18:57:00+00:00,2024-12-04 18:57:00+00:00,0,173802,173802,0,0.0,0.0,True,False,173802
IWM_69,IWM,2024-12-05 14:35:00+00:00,240.03,240.0804,prior_day_high,7.0,B,True,True,1.0,2,SHORT,240.0804,240.0804,238.10976,236.18952,234.26928,2.4003,1.9202400000000002,3.8404800000000003,5.76072,240.43608820222147,0.8000000000000028,2024-12-05 14:35:00+00:00,2024-12-05 14:35:00+00:00,1,174249,174249,1,0.0,0.0,True,True,174249
IWM_70,IWM,2024-12-06 13:33:00+00:00,240.02,240.0804,prior_day_high,7.0,B,True,False,1.0,2,SHORT,240.0804,240.0804,238.09984,236.17968000000002,234.25952,2.4002000000000003,1.9201600000000003,3.8403200000000006,5.76048,239.18976035115915,0.800000000000004,2024-12-06 13:33:00+00:00,2024-12-06 13:33:00+00:00,0,174922,174922,0,0.0,0.0,True,False,174922
IWM_71,IWM,2024-12-06 13:34:00+00:00,239.9,240.0804,prior_day_high,7.0,B,True,False,1.0,2,SHORT,240.0804,240.0804,237.98080000000002,236.0616,234.1424,2.399,1.9192,3.8384,5.7576,239.23107864213287,0.7999999999999956,2024-12-06 13:34:00+00:00,2024-12-06 13:34:00+00:00,0,174923,174923,0,0.0,0.0,True,False,174923
IWM_72,IWM,2024-12-09 13:32:00+00:00,240.07,240.0804,prior_day_high,7.0,B,True,False,1.0,2,SHORT,240.0804,240.0804,238.14944,236.22888,234.30831999999998,2.4007,1.92056,3.84112,5.76168,239.92423246078917,0.7999999999999978,2024-12-09 13:32:00+00:00,2024-12-09 13:32:00+00:00,0,175628,175628,0,0.0,0.0,True,False,175628
IWM_73,IWM,2024-12-09 13:45:00+00:00,240.07,240.0804,prior_day_high,7.0,B,True,True,1.0,2,SHORT,240.0804,240.0804,238.14944,236.22888,234.30831999999998,2.4007,1.92056,3.84112,5.76168,240.08485694316994,0.7999999999999978,2024-12-09 13:45:00+00:00,2024-12-09 13:45:00+00:00,1,175639,175639,1,0.0,0.0,True,True,175639
IWM_74,IWM,2024-12-30 16:46:00+00:00,220.36,220.482,prior_day_high,7.2,B,True,True,0.6,2,SHORT,220.482,220.482,218.59712000000002,216.83424000000002,215.07136000000003,2.2036000000000002,1.7628800000000002,3.5257600000000004,5.28864,220.14387367322462,0.7999999999999979,2024-12-30 16:46:00+00:00,2024-12-30 16:46:00+00:00,1,185898,185898,1,0.0,0.0,True,True,185898
QQQ_1,QQQ,2024-01-02 19:09:00+00:00,401.57,401.5332,prior_day_low,7.0,B,True,False,1.0,2,LONG,401.5332,401.5332,404.78256,407.99512,411.20768,4.0157,3.21256,6.42512,9.63768,401.83621562186806,0.7999999999999992,2024-01-02 19:09:00+00:00,2024-01-02 19:09:00+00:00,0,546,546,0,0.0,0.0,True,False,546
QQQ_2,QQQ,2024-01-02 19:10:00+00:00,401.635,401.5332,prior_day_low,7.0,B,True,False,1.0,2,LONG,401.5332,401.5332,404.84808,408.06116,411.27423999999996,4.01635,3.21308,6.42616,9.63924,401.80396373445564,0.7999999999999977,2024-01-02 19:10:00+00:00,2024-01-02 19:10:00+00:00,0,547,547,0,0.0,0.0,True,False,547
QQQ_3,QQQ,2024-01-08 15:58:00+00:00,401.55,401.5332,prior_day_low,7.0,B,True,False,1.0,2,LONG,401.5332,401.5332,404.7624,407.9748,411.1872,4.0155,3.2124000000000006,6.424800000000001,9.6372,401.51623575621437,0.8000000000000005,2024-01-08 15:58:00+00:00,2024-01-08 15:58:00+00:00,0,3602,3602,0,0.0,0.0,True,False,3602
QQQ_4,QQQ,2024-01-08 16:37:00+00:00,401.55,401.5332,prior_day_low,7.0,B,True,True,1.0,2,LONG,401.5332,401.5332,404.7624,407.9748,411.1872,4.0155,3.2124000000000006,6.424800000000001,9.6372,401.4623476459091,0.8000000000000005,2024-01-08 16:37:00+00:00,2024-01-08 16:37:00+00:00,1,3641,3641,1,0.0,0.0,True,True,3641
QQQ_5,QQQ,2024-01-08 16:46:00+00:00,401.54,401.5332,prior_day_low,7.0,B,True,False,1.0,2,LONG,401.5332,401.5332,404.75232,407.96464000000003,411.17696,4.0154000000000005,3.2123200000000005,6.424640000000001,9.63696,401.5095548687709,0.7999999999999942,2024-01-08 16:46:00+00:00,2024-01-08 16:46:00+00:00,0,3650,3650,0,0.0,0.0,True,False,3650
QQQ_6,QQQ,2024-02-15 13:01:00+00:00,434.34,433.02600000000007,prior_day_low,7.2,B,True,True,0.6,2,LONG,433.02600000000007,433.02600000000007,437.81471999999997,441.28943999999996,444.76415999999995,4.3434,3.47472,6.94944,10.424159999999999,434.33597005453584,0.7999999999999978,2024-02-15 13:01:00+00:00,2024-02-15 13:01:00+00:00,1,26490,26490,1,0.0,0.0,True,True,26490
QQQ_7,QQQ,2024-02-15 14:36:00+00:00,433.13,433.02600000000007,prior_day_low,7.2,B,True,True,0.6,2,LONG,433.02600000000007,433.02600000000007,436.59504,440.06007999999997,443.52512,4.3313,3.46504,6.93008,10.395119999999999,433.76477180731564,0.7999999999999972,2024-02-15 14:36:00+00:00,2024-02-15 14:37:00+00:00,2,26585,26586,2,0.0023087756562673806,0.0,True,True,26585
QQQ_8,QQQ,2024-02-15 14:37:00+00:00,433.14,433.02600000000007,prior_day_low,7.2,B,True,True,0.6,2,LONG,433.02600000000007,433.02600000000007,436.60512,440.07024,443.53535999999997,4.3314,3.4651200000000006,6.930240000000001,10.39536,433.68971173442486,0.8000000000000029,2024-02-15 14:37:00+00:00,2024-02-15 14:37:00+00:00,1,26586,26586,1,0.0,0.0,True,True,26586
QQQ_9,QQQ,2024-02-22 13:01:00+00:00,434.26,433.02600000000007,prior_day_low,7.2,B,True,True,0.6,2,LONG,433.02600000000007,433.02600000000007,437.73408,441.20815999999996,444.68224,4.3426,3.4740800000000003,6.948160000000001,10.42224,434.2822214654124,0.8000000000000035,2024-02-22 13:01:00+00:00,2024-02-22 13:01:00+00:00,1,29989,29989,1,0.0,0.0,True,True,29989
QQQ_10,QQQ,2024-04-29 17:50:00+00:00,433.03,433.02600000000007,prior_day_low,7.2,B,True,True,0.6,2,LONG,433.02600000000007,433.02600000000007,436.49424,439.95847999999995,443.42271999999997,4.3303,3.46424,6.92848,10.39272,433.15861712602265,0.8000000000000042,2024-04-29 17:50:00+00:00,2024-04-29 17:50:00+00:00,1,69489,69489,1,0.0,0.0,True,True,69489
QQQ_11,QQQ,2024-06-18 17:02:00+00:00,485.06,485.235,prior_day_high,7.2,B,True,True,0.6,2,SHORT,485.235,485.235,481.17952,477.29904,473.41856,4.8506,3.8804800000000004,7.760960000000001,11.64144,485.0753467692151,0.7999999999999953,2024-06-18 17:02:00+00:00,2024-06-18 17:02:00+00:00,1,97597,97597,1,0.0,0.0,True,True,97597
QQQ_12,QQQ,2024-06-18 19:54:00+00:00,485.2,485.235,prior_day_high,7.2,B,True,True,0.6,2,SHORT,485.235,485.235,481.3184,477.4368,473.5552,4.852,3.8816000000000006,7.763200000000001,11.6448,484.99545223453214,0.7999999999999983,2024-06-18 19:54:00+00:00,2024-06-18 19:55:00+00:00,2,97769,97770,2,0.006183017312454567,0.0,True,True,97769
QQQ_13,QQQ,2024-06-18 19:55:00+00:00,485.23,485.235,prior_day_high,7.2,B,True,True,0.6,2,SHORT,485.235,485.235,481.34816,477.46632,473.58448000000004,4.8523000000000005,3.8818400000000004,7.763680000000001,11.645520000000001,485.0171723142693,0.8000000000000022,2024-06-18 19:55:00+00:00,2024-06-18 19:55:00+00:00,1,97770,97770,1,0.0,0.0,True,True,97770
QQQ_14,QQQ,2024-06-28 12:30:00+00:00,484.58,485.235,prior_day_high,7.2,B,True,True,0.6,2,SHORT,485.235,485.235,480.70336,476.82671999999997,472.95007999999996,4.8458,3.87664,7.75328,11.629919999999998,484.2841371850862,0.8000000000000019,2024-06-28 12:30:00+00:00,2024-06-28 12:30:00+00:00,1,103090,103090,1,0.0,0.0,True,True,103090
QQQ_15,QQQ,2024-08-05 18:46:00+00:00,433.16,433.02600000000007,prior_day_low,7.2,B,True,True,0.6,2,LONG,433.02600000000007,433.02600000000007,436.62528000000003,440.09056000000004,443.55584000000005,4.331600000000001,3.465280000000001,6.930560000000002,10.395840000000002,435.1639607234563,0.8000000000000015,2024-08-05 18:46:00+00:00,2024-08-05 18:47:00+00:00,2,124449,124450,2,0.14428848462461907,0.0,True,True,124449
QQQ_16,QQQ,2024-08-05 18:47:00+00:00,433.785,433.02600000000007,prior_day_low,7.2,B,True,True,0.6,2,LONG,433.02600000000007,433.02600000000007,437.25528,440.72556000000003,444.19584000000003,4.33785,3.4702800000000007,6.940560000000001,10.41084,434.9158764212238,0.8000000000000005,2024-08-05 18:47:00+00:00,2024-08-05 18:47:00+00:00,1,124450,124450,1,0.0,0.0,True,True,124450
QQQ_17,QQQ,2024-08-07 22:46:00+00:00,433.1299,433.02600000000007,prior_day_low,7.2,B,True,True,0.6,2,LONG,433.02600000000007,433.02600000000007,436.5949392,440.05997840000003,443.5250176,4.3312990000000005,3.4650392000000005,6.930078400000001,10.3951176,433.40667488015004,0.7999999999999949,2024-08-07 22:46:00+00:00,2024-08-07 22:46:00+00:00,1,126557,126557,1,0.0,0.0,True,True,126557
QQQ_18,QQQ,2024-09-24 15:50:00+00:00,485.115,485.235,prior_day_high,7.2,B,True,True,0.6,2,SHORT,485.235,485.235,481.23408,477.35316,473.47224,4.8511500000000005,3.8809200000000006,7.761840000000001,11.64276,484.60885835940536,0.8000000000000006,2024-09-24 15:50:00+00:00,2024-09-24 15:50:00+00:00,1,153865,153865,1,0.0,0.0,True,True,153865
QQQ_19,QQQ,2024-09-30 12:00:00+00:00,484.58,485.235,prior_day_high,7.2,B,True,True,0.6,2,SHORT,485.235,485.235,480.70336,476.82671999999997,472.95007999999996,4.8458,3.87664,7.75328,11.629919999999998,485.041632097391,0.8000000000000019,2024-09-30 12:00:00+00:00,2024-09-30 12:00:00+00:00,1,156992,156992,1,0.0,0.0,True,True,156992
QQQ_20,QQQ,2024-10-04 12:30:00+00:00,485.03,485.235,prior_day_high,7.2,B,True,True,0.6,2,SHORT,485.235,485.235,481.14975999999996,477.26952,473.38928,4.8503,3.88024,7.76048,11.64072,484.4946092837002,0.800000000000003,2024-10-04 12:30:00+00:00,2024-10-04 12:30:00+00:00,1,160375,160375,1,0.0,0.0,True,True,160375
QQQ_21,QQQ,2024-10-07 12:00:00+00:00,484.85,485.235,prior_day_high,7.2,B,True,True,0.6,2,SHORT,485.235,485.235,480.9712,477.0924,473.21360000000004,4.8485000000000005,3.8788000000000005,7.757600000000001,11.6364,485.01078425929006,0.8000000000000025,2024-10-07 12:00:00+00:00,2024-10-07 12:00:00+00:00,1,161170,161170,1,0.0,0.0,True,True,161170
QQQ_22,QQQ,2024-11-12 10:40:00+00:00,512.09,512.1925,prior_day_high,7.6,B,True,True,0.8,2,SHORT,512.1925,512.1925,507.99328,503.89656,499.79984,5.120900000000001,4.09672,8.19344,12.290160000000002,512.040383000899,0.8000000000000008,2024-11-12 10:40:00+00:00,2024-11-12 10:40:00+00:00,1,182791,182791,1,0.0,0.0,True,True,182791
QQQ_23,QQQ,2024-11-13 00:50:00+00:00,512.1601,512.1925,prior_day_high,7.6,B,True,True,0.8,2,SHORT,512.1925,512.1925,508.06281920000004,503.96553840000007,499.86825760000005,5.121601000000001,4.097280800000001,8.194561600000002,12.291842400000002,512.0436295142298,0.800000000000004,2024-11-13 00:50:00+00:00,2024-11-13 00:50:00+00:00,1,183565,183565,1,0.0,0.0,True,True,183565
QQQ_24,QQQ,2024-11-14 14:32:00+00:00,512.09,512.1925,prior_day_high,7.6,B,True,True,0.8,2,SHORT,512.1925,512.1925,507.99328,503.89656,499.79984,5.120900000000001,4.09672,8.19344,12.290160000000002,512.1623287792224,0.8000000000000008,2024-11-14 14:32:00+00:00,2024-11-14 14:33:00+00:00,2,184605,184606,2,0.0,-0.00974438087054612,True,True,184605
QQQ_25,QQQ,2024-11-14 14:33:00+00:00,512.0401,512.1925,prior_day_high,7.6,B,True,True,0.8,2,SHORT,512.1925,512.1925,507.94377920000005,503.84745840000005,499.75113760000005,5.120401,4.0963208,8.1926416,12.2889624,512.1476204997756,0.8000000000000002,2024-11-14 14:33:00+00:00,2024-11-14 14:33:00+00:00,1,184606,184606,1,0.0,0.0,True,True,184606
QQQ_26,QQQ,2024-12-02 14:31:00+00:00,512.06,512.1925,prior_day_high,7.6,B,True,True,0.8,2,SHORT,512.1925,512.1925,507.96351999999996,503.86704,499.77055999999993,5.1206,4.09648,8.19296,12.289439999999999,511.5051381280393,0.7999999999999973,2024-12-02 14:31:00+00:00,2024-12-02 14:31:00+00:00,1,193689,193689,1,0.0,0.0,True,True,193689
QQQ_27,QQQ,2024-12-12 13:00:00+00:00,527.8,528.367,prior_day_high,7.0,B,True,True,1.0,2,SHORT,528.367,528.367,523.5776,519.3552,515.1328,5.278,4.2223999999999995,8.444799999999999,12.6672,528.0761609643813,0.7999999999999988,2024-12-12 13:00:00+00:00,2024-12-12 13:00:00+00:00,1,200045,200045,1,0.0,0.0,True,True,200045
QQQ_28,QQQ,2024-12-12 13:30:00+00:00,527.87,528.367,prior_day_high,7.0,B,True,True,1.0,2,SHORT,528.367,528.367,523.6470400000001,519.42408,515.2011200000001,5.2787,4.22296,8.44592,12.66888,528.1075922616344,0.7999999999999894,2024-12-12 13:30:00+00:00,2024-12-12 13:30:00+00:00,1,200075,200075,1,0.0,0.0,True,True,200075
QQQ_29,QQQ,2024-12-12 15:38:00+00:00,528.27,528.367,prior_day_high,7.0,B,True,False,1.0,2,SHORT,528.367,528.367,524.0438399999999,519.81768,515.59152,5.2827,4.22616,8.45232,12.67848,527.8306764839494,0.8000000000000094,2024-12-12 15:38:00+00:00,2024-12-12 15:38:00+00:00,0,200203,200203,0,0.0,0.0,True,False,200203
QQQ_30,QQQ,2024-12-12 15:40:00+00:00,528.2799,528.367,prior_day_high,7.0,B,True,False,1.0,2,SHORT,528.367,528.367,524.0536608,519.8274216,515.6011824,5.282799,4.2262392,8.4524784,12.678717599999999,527.8945317741618,0.8000000000000017,2024-12-12 15:40:00+00:00,2024-12-12 15:40:00+00:00,0,200205,200205,0,0.0,0.0,True,False,200205
QQQ_31,QQQ,2024-12-12 15:52:00+00:00,528.25,528.367,prior_day_high,8.0,B,True,True,1.0,2,SHORT,528.367,528.367,524.024,519.798,515.572,5.2825,4.226,8.452,12.677999999999999,528.1031390106167,0.7999999999999998,2024-12-12 15:52:00+00:00,2024-12-12 15:52:00+00:00,1,200217,200217,1,0.0,0.0,True,True,200217
QQQ_32,QQQ,2024-12-12 15:55:00+00:00,528.36,528.367,prior_day_high,7.0,B,True,False,1.0,2,SHORT,528.367,528.367,524.13312,519.90624,515.67936,5.2836,4.22688,8.45376,12.680639999999999,528.1627326210622,0.8000000000000097,2024-12-12 15:55:00+00:00,2024-12-12 15:55:00+00:00,0,200220,200220,0,0.0,0.0,True,False,200220
QQQ_33,QQQ,2024-12-12 17:14:00+00:00,528.32,528.367,prior_day_high,8.0,B,True,True,1.0,2,SHORT,528.367,528.367,524.0934400000001,519.86688,515.6403200000001,5.283200000000001,4.226560000000001,8.453120000000002,12.679680000000001,527.9259703968597,0.7999999999999903,2024-12-12 17:14:00+00:00,2024-12-12 17:14:00+00:00,1,200299,200299,1,0.0,0.0,True,True,200299
QQQ_34,QQQ,2024-12-12 17:29:00+00:00,528.265,528.367,prior_day_high,7.0,B,True,False,1.0,2,SHORT,528.367,528.367,524.03888,519.81276,515.58664,5.28265,4.226120000000001,8.452240000000002,12.67836,528.2818513266656,0.800000000000007,2024-12-12 17:29:00+00:00,2024-12-12 17:29:00+00:00,0,200314,200314,0,0.0,0.0,True,False,200314
QQQ_35,QQQ,2024-12-12 17:51:00+00:00,528.29,528.367,prior_day_high,7.0,B,True,False,1.0,2,SHORT,528.367,528.367,524.06368,519.83736,515.61104,5.2829,4.22632,8.45264,12.678959999999998,527.967515556391,0.7999999999999976,2024-12-12 17:51:00+00:00,2024-12-12 17:51:00+00:00,0,200336,200336,0,0.0,0.0,True,False,200336
QQQ_36,QQQ,2024-12-12 17:52:00+00:00,528.33,528.367,prior_day_high,7.0,B,True,False,1.0,2,SHORT,528.367,528.367,524.1033600000001,519.8767200000001,515.65008,5.2833000000000006,4.226640000000001,8.453280000000001,12.679920000000001,527.9798242012995,0.7999999999999952,2024-12-12 17:52:00+00:00,2024-12-12 17:52:00+00:00,0,200337,200337,0,0.0,0.0,True,False,200337
QQQ_37,QQQ,2024-12-13 17:02:00+00:00,528.28,528.367,prior_day_high,7.0,B,True,False,1.0,2,SHORT,528.367,528.367,524.05376,519.8275199999999,515.60128,5.2828,4.22624,8.45248,12.67872,528.1525981603031,0.7999999999999927,2024-12-13 17:02:00+00:00,2024-12-13 17:02:00+00:00,0,201193,201193,0,0.0,0.0,True,False,201193
QQQ_38,QQQ,2024-12-13 17:23:00+00:00,528.3,528.367,prior_day_high,7.0,B,True,True,1.0,2,SHORT,528.367,528.367,524.0735999999999,519.8471999999999,515.6207999999999,5.2829999999999995,4.2264,8.4528,12.679199999999998,528.5602108118945,0.8000000000000024,2024-12-13 17:23:00+00:00,2024-12-13 17:23:00+00:00,1,201214,201214,1,0.0,0.0,True,True,201214
QQQ_39,QQQ,2024-12-13 18:04:00+00:00,528.33,528.367,prior_day_high,7.0,B,True,False,1.0,2,SHORT,528.367,528.367,524.1033600000001,519.8767200000001,515.65008,5.2833000000000006,4.226640000000001,8.453280000000001,12.679920000000001,528.093904825399,0.7999999999999952,2024-12-13 18:04:00+00:00,2024-12-13 18:04:00+00:00,0,201255,201255,0,0.0,0.0,True,False,201255
QQQ_40,QQQ,2024-12-20 13:00:00+00:00,507.7,512.1925,prior_day_high,7.6,B,True,True,0.8,2,SHORT,512.1925,512.1925,503.6384,499.5768,495.5152,5.077,4.0616,8.1232,12.1848,507.8656774992616,0.7999999999999997,2024-12-20 13:00:00+00:00,2024-12-20 13:00:00+00:00,1,205315,205315,1,0.0,0.0,True,True,205315
QQQ_41,QQQ,2024-12-26 09:30:00+00:00,528.35,528.367,prior_day_high,7.0,B,True,False,1.0,2,SHORT,528.367,528.367,524.1232,519.8964,515.6696000000001,5.2835,4.2268,8.4536,12.6804,528.2285149638044,0.8000000000000048,2024-12-26 09:30:00+00:00,2024-12-26 09:30:00+00:00,0,207444,207444,0,0.0,0.0,True,False,207444
QQQ_42,QQQ,2024-12-26 13:00:00+00:00,528.05,528.367,prior_day_high,8.0,B,True,True,1.0,2,SHORT,528.367,528.367,523.8256,519.6012,515.3768,5.2805,4.2244,8.4488,12.6732,528.3448275614094,0.7999999999999897,2024-12-26 13:00:00+00:00,2024-12-26 13:00:00+00:00,1,207618,207618,1,0.0,0.0,True,True,207618
QQQ_43,QQQ,2024-12-26 14:11:00+00:00,528.33,528.367,prior_day_high,7.0,B,True,False,1.0,2,SHORT,528.367,528.367,524.1033600000001,519.8767200000001,515.65008,5.2833000000000006,4.226640000000001,8.453280000000001,12.679920000000001,528.1532701745554,0.7999999999999952,2024-12-26 14:11:00+00:00,2024-12-26 14:11:00+00:00,0,207686,207686,0,0.0,0.0,True,False,207686
QQQ_44,QQQ,2024-12-27 13:00:00+00:00,528.14,528.367,prior_day_high,7.0,B,True,True,1.0,2,SHORT,528.367,528.367,523.91488,519.68976,515.46464,5.2814,4.2251199999999995,8.450239999999999,12.67536,528.1644885367388,0.79999999999999,2024-12-27 13:00:00+00:00,2024-12-27 13:00:00+00:00,1,208347,208347,1,0.0,0.0,True,True,208347
